SiteName,PMVSTASH,STASHDB,FANSDB
Twitter,154beecc-703f-43fa-a311-06e07122cc0b,cabc08d1-077d-48e2-a0e5-8a5fb4987dfd,885d5572-f602-4fca-9bfc-99ad17a44569
IAFD,e8d4954a-85ae-4448-967d-accab6e1e476,222b6ae1-56d7-494c-8ce9-890a1158d750,9545b3b0-9ecf-436b-a5ec-1d00cbbd4397
AllMyLinks,543ad314-8487-43a6-9526-0951726e34a9,565b6b14-92f1-477b-b864-0dcf34d28d1a,fc8c56d9-d8ae-4770-a7d5-0d20b26eddc1
Babepedia,ba21a2f5-c846-411e-ab4f-fb9293b35424,92e76a1a-df96-4b0b-bbeb-6e9bac5e9002,
Fansly,b42b8a62-7f0c-4b5f-a225-234b4f3d4a93,0604bbe3-66f2-48df-86be-591f8b326a08,757817cb-6eab-4fe9-9be7-42fecfd6edc1
Instagram,70a09f9f-6bb4-4a0f-bd55-6476aa95a723,81521bc1-4f71-436b-9e8a-064d3a7171b4,50e5fc01-5618-4cf5-ba22-00fbeb090247
Linktree,044f42d6-6621-411c-a1d9-595afeba76b8,4b56be27-bab1-4241-9f17-79a8c252ac86,f23ac876-53d3-4198-afc7-5a6cf72b6886
OnlyFans,f17176fc-8ec9-4c74-af42-c4ef5fdb7b9b,b23eefa5-c14b-4444-8c68-0738925ebc53,659eeb16-dbb9-427d-a56e-d429fb24105a
Pornhub,122ec74c-726b-4d4c-a36e-b2b05ebf1c98,da0e0ad5-bec7-469e-b799-624cf43522d5,bd7ada3f-ad1f-459a-8418-2c5287a5642c
Reddit,7ca80673-e7af-4bce-bfbf-0d7e2060de79,784d7a8b-9667-41a1-83d9-865dd14b6bd6,e1aa96a0-df4d-43a8-a9a3-742f789b9088
TikTok,ad8a096c-1fdf-405f-933f-37bb63fa25b4,b9ac8ae7-5ae4-443f-a4f2-0e2852d8cdec,64981368-3f45-44f2-87e3-bbd2acc77028
XVideos,190aa6fd-d550-41ab-b626-2c3f4da3b4fe,6a571d59-b630-4305-b67d-853c2c98400f,c7ea2a8d-453a-4b0f-b836-a8bbdbef7720
YouTube,61724b8c-51ae-4dd2-931f-0a048b1b7dee,b69ae968-db52-48d0-9fe9-22e0beb3da7f,fe7cae43-c045-4349-bfef-32775b9acfa8
STASHDB,60e7e1f2-239c-4e33-97f2-9cc7e7e41d92,,dd3dedb1-74dd-416e-afb9-c3e67c7ea077
FANSDB,0117e0d2-bb12-48f2-902b-d9eff99ab03f,c2bc5c80-1141-4ae2-8716-075fbd37c296,
PMVSTASH,,d96b877b-abb7-47a1-add3-69e5087ef06d,